# program	HeliumRain-Win64-Shipping.exe
# tag	UE4.20-HeliumRain
# image_base	140000000
# image_base_str	140000000
name	start	size	exec	init	read	write	md5
Headers	140000000	1024	0	1	1	0	8c77b576ed6b706dac7c51435dbe8f1b
.text	140001000	34758656	1	1	1	0	3c4147af7feed19afcef36f13035fe55
.rdata	142127000	13903360	0	1	1	0	3ff7b478bb7fbd8deec22b798757096a
.data	142e6a000	5189432	0	1	1	1	173714dfd1f079f9cc922c11ca3504de
.pdata	14335d000	2017792	0	1	1	0	846a1e8c5757926ef1f7cddc3ec744f6
_RDATA	14354a000	40960	0	1	1	0	874951945e13b7f805e6a5a5fdb39100
.rsrc	143554000	371712	0	1	1	0	b6e6d809dbbce9c432cfdd70921f604b
.reloc	1435af000	826368	0	1	1	0	b948a2eabe2493cc3f1d6c272a7a64b1
tdb	ff00000000	6224	0	1	1	1	9e170a4d4fb961e4243fab3edb309dc8
