# program	UE415_Flyinh-Win64-Shipping.exe
# tag	UE4.15-Flying
# image_base	140000000
# image_base_str	140000000
name	start	size	exec	init	read	write	md5
Headers	140000000	1024	0	1	1	0	1f4567321211a14199ce69a523288eb8
.text	140001000	34694656	1	1	1	0	da2cceedfcfab52f649a4ca40ef5c8bc
.rdata	142118000	10445824	0	1	1	0	564182758999bec8b10e78356af632ed
.data	142b0f000	3201208	0	1	1	1	fdd38fda9ab4cf2b4e79a4e2fabfb3fc
.pdata	142e1d000	1628672	0	1	1	0	256ecd81c0d28c8c8a1865f9b401a0ee
_RDATA	142fab000	34816	0	1	1	0	23a373513762e9d5db63af608546fac5
.rsrc	142fb4000	72704	0	1	1	0	90d4411f2c09c480a3f8863135a1cf60
.reloc	142fc6000	466944	0	1	1	0	e35f0f26afedfb2767e90f97233a0b33
tdb	ff00000000	6224	0	1	1	1	9e170a4d4fb961e4243fab3edb309dc8
