# program	FactoryGameSteam-CoreUObject-Win64-Shipping.dll
# tag	UE5.6-Satisfactory
# image_base	180000000
# image_base_str	180000000
name	start	size	exec	init	read	write	md5
Headers	180000000	1024	0	1	1	0	b135bedb89e43418517ae161b4eaba64
.text	180001000	4101632	1	1	1	0	4b3f25959550352708e9b44bb6b65a24
.uedbg	1803eb000	512	1	1	1	0	998d1766c1085fe6719f76ff5f71f400
.rdata	1803ec000	1531392	0	1	1	0	4ee9bafceff1fe408c6f0731f6675a2b
.data	180562000	271264	0	1	1	1	e67125ac4df3ea81699e6a69469464ce
.pdata	1805a5000	194048	0	1	1	0	aab9cb8b7dc266062f1ecea8f818a554
.rsrc	1805d5000	59392	0	1	1	0	72e7d008fe8689e6cdc3de264f309699
.reloc	1805e4000	54784	0	1	1	0	e8b90ded823973ab634d00bd2026730c
tdb	ff00000000	6224	0	1	1	1	9e170a4d4fb961e4243fab3edb309dc8
