# program	UE4Game.exe
# tag	UE4.10-GameDev
# image_base	140000000
# image_base_str	140000000
name	start	size	exec	init	read	write	md5
Headers	140000000	1024	0	1	1	0	ed2ad3f8ad7ae832af23967d9d5d44e5
.text	140001000	61334016	1	1	1	0	4059f38f875834e9aa0a4a4a72062821
.rdata	143a80000	17402368	0	1	1	0	593fc36ed1a0beada52a703bfffcbca7
.data	144b19000	2060104	0	1	1	1	48f1b2dac0993602e97645f1245b479c
.pdata	144d10000	3403776	0	1	1	0	c00bc29e8c1cee82bed897c516435b1f
.tls	14504f000	512	0	1	1	1	adb00c88d5919bab3c4b160cbf2abed5
_RDATA	145050000	32768	0	1	1	0	6d14eb7565726750bb0df2c22b188ee5
.rsrc	145058000	72704	0	1	1	0	69af4777c27b8693d6151cdd4190843b
.reloc	14506a000	545280	0	1	1	0	471a3488836f8b1218e7c23184087fd1
